 symptom_or_condition,mapped_specialist,emergency_level,keywords
diabetes symptoms,Endocrinologist,Medium,"condition,symptoms,diabetes,pain,problem"
cardiac arrest,Cardiologist,Critical,"cardiac,arrest,health,issue,condition"
fracture,Orthopedic,High,"symptom,issue,fracture,problem"
chest pain,Cardiologist,High,"symptom,condition,chest,issue,pain"
skin infection,Dermatologist,Low,"skin,issue,condition,problem,infection"
thyroid issue,Endocrinologist,Medium,"condition,health,thyroid,issue,pain"
thyroid issue,Endocrinologist,Medium,"health,issue,problem,thyroid"
tooth pain,Dentist,Low,"symptom,condition,tooth,issue,pain"
fever,General Physician,Low,"health,symptom,pain,fever"
depression,Psychiatrist,Medium,"problem,condition,depression,pain"
depression,Psychiatrist,Medium,"health,issue,condition,depression"
stroke symptoms,Neurologist,Critical,"health,stroke,symptoms,condition,problem"
cardiac arrest,Cardiologist,Critical,"symptom,cardiac,arrest,condition,problem"
fracture,Orthopedic,High,"health,symptom,fracture,problem"
skin infection,Dermatologist,Low,"symptom,health,skin,condition,infection"
cardiac arrest,Cardiologist,Critical,"cardiac,arrest,health,issue,condition"
depression,Psychiatrist,Medium,"problem,condition,depression,pain"
pregnancy complications,Gynecologist,High,"symptom,complications,pregnancy,issue,pain"
high blood pressure,Cardiologist,Medium,"blood,high,pressure,issue,pain,problem"
migraine,Neurologist,Medium,"health,pain,problem,migraine"
tooth pain,Dentist,Low,"symptom,tooth,issue,pain,problem"
breathing difficulty,Pulmonologist,Critical,"health,breathing,condition,problem,difficulty"
kidney pain,Nephrologist,High,"symptom,kidney,issue,pain"
breathing difficulty,Pulmonologist,Critical,"pain,breathing,condition,problem,difficulty"
asthma attack,Pulmonologist,High,"symptom,attack,asthma,pain,problem"
skin allergy,Dermatologist,Medium,"symptom,condition,skin,allergy,pain"
tooth pain,Dentist,Low,"health,pain,tooth,condition"
tooth pain,Dentist,Low,"condition,health,tooth,issue,pain"
joint pain,Orthopedic,Medium,"joint,health,issue,pain,problem"
kidney pain,Nephrologist,High,"kidney,symptom,condition,pain,problem"
fever,General Physician,Low,"health,issue,condition,fever"
stroke symptoms,Neurologist,Critical,"symptom,health,stroke,symptoms,problem"
ear pain,ENT Specialist,Low,"health,symptom,pain,ear"
skin allergy,Dermatologist,Medium,"skin,allergy,issue,pain,problem"
migraine,Neurologist,Medium,"symptom,condition,pain,migraine"
breathing difficulty,Pulmonologist,Critical,"health,breathing,issue,pain,difficulty"
stroke symptoms,Neurologist,Critical,"pain,stroke,symptoms,issue,condition"
pregnancy complications,Gynecologist,High,"health,complications,pregnancy,condition,problem"
skin infection,Dermatologist,Low,"health,skin,pain,problem,infection"
joint pain,Orthopedic,Medium,"issue,pain,joint,condition"
thyroid issue,Endocrinologist,Medium,"pain,thyroid,issue,condition,problem"
thyroid issue,Endocrinologist,Medium,"pain,thyroid,issue,condition,problem"
skin infection,Dermatologist,Low,"pain,health,skin,condition,infection"
ear pain,ENT Specialist,Low,"condition,health,pain,problem,ear"
tooth pain,Dentist,Low,"health,issue,pain,tooth"
asthma attack,Pulmonologist,High,"condition,attack,asthma,pain,problem"
cardiac arrest,Cardiologist,Critical,"symptom,cardiac,arrest,health,pain"
fever,General Physician,Low,"health,issue,condition,fever"
kidney pain,Nephrologist,High,"kidney,pain,problem,condition"
tooth pain,Dentist,Low,"symptom,pain,problem,tooth"
breathing difficulty,Pulmonologist,Critical,"symptom,pain,breathing,condition,difficulty"
fever,General Physician,Low,"health,symptom,pain,fever"
stroke symptoms,Neurologist,Critical,"health,stroke,symptoms,issue,problem"
fracture,Orthopedic,High,"symptom,issue,fracture,pain"
thyroid issue,Endocrinologist,Medium,"issue,symptom,problem,thyroid"
chest pain,Cardiologist,High,"symptom,condition,chest,pain,problem"
thyroid issue,Endocrinologist,Medium,"pain,thyroid,issue,condition,problem"
kidney pain,Nephrologist,High,"kidney,health,pain,issue"
skin allergy,Dermatologist,Medium,"symptom,health,skin,allergy,problem"
eye infection,Ophthalmologist,Low,"health,eye,issue,problem,infection"
cardiac arrest,Cardiologist,Critical,"symptom,cardiac,arrest,condition,problem"
thyroid issue,Endocrinologist,Medium,"issue,pain,problem,thyroid"
migraine,Neurologist,Medium,"health,pain,problem,migraine"
pregnancy complications,Gynecologist,High,"health,complications,pregnancy,condition,problem"
eye infection,Ophthalmologist,Low,"symptom,health,eye,problem,infection"
ear pain,ENT Specialist,Low,"health,pain,ear,condition"
high blood pressure,Cardiologist,Medium,"symptom,health,blood,high,pressure,problem"
tooth pain,Dentist,Low,"condition,health,tooth,issue,pain"
diabetes symptoms,Endocrinologist,Medium,"symptoms,diabetes,issue,condition,problem"
asthma attack,Pulmonologist,High,"attack,health,asthma,issue,pain"
eye infection,Ophthalmologist,Low,"health,eye,pain,problem,infection"
depression,Psychiatrist,Medium,"issue,pain,depression,problem"
stroke symptoms,Neurologist,Critical,"stroke,symptoms,issue,pain,problem"
cardiac arrest,Cardiologist,Critical,"symptom,cardiac,arrest,issue,problem"
thyroid issue,Endocrinologist,Medium,"condition,health,thyroid,issue,pain"
breathing difficulty,Pulmonologist,Critical,"condition,breathing,issue,pain,difficulty"
eye infection,Ophthalmologist,Low,"symptom,eye,issue,condition,infection"
ear pain,ENT Specialist,Low,"symptom,health,pain,problem,ear"
kidney pain,Nephrologist,High,"kidney,symptom,condition,issue,pain"
skin infection,Dermatologist,Low,"symptom,health,skin,condition,infection"
fever,General Physician,Low,"issue,pain,problem,fever"
stroke symptoms,Neurologist,Critical,"health,stroke,symptoms,condition,problem"
asthma attack,Pulmonologist,High,"attack,asthma,issue,condition,problem"
kidney pain,Nephrologist,High,"symptom,kidney,health,pain"
fever,General Physician,Low,"issue,pain,problem,fever"
pregnancy complications,Gynecologist,High,"complications,pregnancy,issue,pain,problem"
joint pain,Orthopedic,Medium,"issue,problem,pain,joint"
migraine,Neurologist,Medium,"issue,symptom,problem,migraine"
asthma attack,Pulmonologist,High,"symptom,attack,asthma,condition,problem"
asthma attack,Pulmonologist,High,"attack,health,asthma,pain,problem"
skin allergy,Dermatologist,Medium,"symptom,skin,allergy,pain,problem"
eye infection,Ophthalmologist,Low,"pain,health,eye,condition,infection"
fracture,Orthopedic,High,"symptom,fracture,problem,pain"
fracture,Orthopedic,High,"health,issue,fracture,pain"
skin allergy,Dermatologist,Medium,"pain,skin,allergy,issue,condition"
diabetes symptoms,Endocrinologist,Medium,"symptom,health,symptoms,diabetes,issue"
skin infection,Dermatologist,Low,"symptom,skin,issue,pain,infection"
high blood pressure,Cardiologist,Medium,"symptom,blood,high,pressure,issue,condition"
fracture,Orthopedic,High,"symptom,fracture,problem,condition"
diabetes symptoms,Endocrinologist,Medium,"health,symptoms,diabetes,issue,pain"
high blood pressure,Cardiologist,Medium,"condition,health,blood,high,pressure,pain"
high blood pressure,Cardiologist,Medium,"blood,high,pressure,issue,condition,problem"
diabetes symptoms,Endocrinologist,Medium,"symptom,health,symptoms,diabetes,condition"
kidney pain,Nephrologist,High,"kidney,symptom,condition,health,pain"
pregnancy complications,Gynecologist,High,"symptom,pain,complications,pregnancy,condition"
stroke symptoms,Neurologist,Critical,"health,stroke,symptoms,issue,problem"
ear pain,ENT Specialist,Low,"symptom,pain,problem,ear"
joint pain,Orthopedic,Medium,"symptom,joint,health,issue,pain"
ear pain,ENT Specialist,Low,"condition,issue,pain,problem,ear"
tooth pain,Dentist,Low,"issue,pain,problem,tooth"
stroke symptoms,Neurologist,Critical,"symptom,stroke,symptoms,condition,problem"
migraine,Neurologist,Medium,"issue,symptom,pain,migraine"
skin allergy,Dermatologist,Medium,"symptom,health,skin,allergy,problem"
joint pain,Orthopedic,Medium,"symptom,condition,joint,pain,problem"
asthma attack,Pulmonologist,High,"symptom,attack,health,asthma,condition"
tooth pain,Dentist,Low,"health,symptom,pain,tooth"
skin allergy,Dermatologist,Medium,"symptom,skin,allergy,condition,problem"
high blood pressure,Cardiologist,Medium,"symptom,health,blood,high,pressure,pain"
fever,General Physician,Low,"pain,problem,fever,condition"
fever,General Physician,Low,"health,condition,problem,fever"
kidney pain,Nephrologist,High,"kidney,issue,pain,health"
skin infection,Dermatologist,Low,"symptom,skin,condition,problem,infection"
stroke symptoms,Neurologist,Critical,"symptom,stroke,symptoms,condition,problem"
ear pain,ENT Specialist,Low,"symptom,pain,problem,ear"
fracture,Orthopedic,High,"symptom,fracture,problem,condition"
diabetes symptoms,Endocrinologist,Medium,"symptoms,diabetes,issue,condition,problem"
skin infection,Dermatologist,Low,"condition,skin,issue,pain,infection"
joint pain,Orthopedic,Medium,"health,problem,pain,joint"
kidney pain,Nephrologist,High,"kidney,issue,pain,condition"
skin allergy,Dermatologist,Medium,"skin,allergy,issue,pain,problem"
cardiac arrest,Cardiologist,Critical,"cardiac,arrest,health,pain,problem"
chest pain,Cardiologist,High,"chest,issue,pain,problem"
eye infection,Ophthalmologist,Low,"symptom,eye,pain,problem,infection"
eye infection,Ophthalmologist,Low,"symptom,condition,eye,pain,infection"
breathing difficulty,Pulmonologist,Critical,"health,breathing,issue,condition,difficulty"
depression,Psychiatrist,Medium,"health,issue,pain,depression"
migraine,Neurologist,Medium,"pain,problem,condition,migraine"
breathing difficulty,Pulmonologist,Critical,"symptom,health,breathing,issue,difficulty"
fracture,Orthopedic,High,"health,symptom,fracture,condition"
diabetes symptoms,Endocrinologist,Medium,"symptom,symptoms,diabetes,issue,problem"
pregnancy complications,Gynecologist,High,"symptom,complications,pregnancy,issue,pain"
breathing difficulty,Pulmonologist,Critical,"symptom,health,breathing,problem,difficulty"
eye infection,Ophthalmologist,Low,"health,eye,issue,condition,infection"
breathing difficulty,Pulmonologist,Critical,"symptom,health,breathing,condition,difficulty"
skin allergy,Dermatologist,Medium,"symptom,health,skin,allergy,pain"
skin allergy,Dermatologist,Medium,"skin,allergy,issue,condition,problem"
ear pain,ENT Specialist,Low,"symptom,health,pain,problem,ear"
migraine,Neurologist,Medium,"health,issue,condition,migraine"
thyroid issue,Endocrinologist,Medium,"symptom,thyroid,issue,pain,problem"
kidney pain,Nephrologist,High,"kidney,issue,pain,condition"
migraine,Neurologist,Medium,"health,symptom,issue,migraine"
thyroid issue,Endocrinologist,Medium,"health,thyroid,issue,condition,problem"
kidney pain,Nephrologist,High,"kidney,symptom,condition,issue,pain"
tooth pain,Dentist,Low,"condition,health,tooth,issue,pain"
high blood pressure,Cardiologist,Medium,"symptom,blood,high,pressure,issue,condition"
eye infection,Ophthalmologist,Low,"health,eye,condition,problem,infection"
fever,General Physician,Low,"health,symptom,pain,fever"
migraine,Neurologist,Medium,"symptom,condition,problem,migraine"
cardiac arrest,Cardiologist,Critical,"symptom,cardiac,arrest,health,problem"
migraine,Neurologist,Medium,"health,issue,condition,migraine"
eye infection,Ophthalmologist,Low,"condition,eye,issue,pain,infection"
cardiac arrest,Cardiologist,Critical,"cardiac,arrest,health,pain,problem"
fracture,Orthopedic,High,"health,symptom,fracture,pain"
asthma attack,Pulmonologist,High,"symptom,attack,asthma,issue,pain"
kidney pain,Nephrologist,High,"kidney,condition,issue,pain,problem"
stroke symptoms,Neurologist,Critical,"symptom,health,stroke,symptoms,pain"
tooth pain,Dentist,Low,"issue,pain,tooth,condition"
kidney pain,Nephrologist,High,"kidney,symptom,health,issue,pain"
tooth pain,Dentist,Low,"pain,problem,tooth,condition"
breathing difficulty,Pulmonologist,Critical,"symptom,pain,breathing,condition,difficulty"
skin allergy,Dermatologist,Medium,"symptom,health,skin,allergy,problem"
joint pain,Orthopedic,Medium,"joint,health,issue,pain,problem"
ear pain,ENT Specialist,Low,"health,pain,ear,condition"
asthma attack,Pulmonologist,High,"condition,attack,health,asthma,pain"
migraine,Neurologist,Medium,"health,issue,pain,migraine"
kidney pain,Nephrologist,High,"kidney,health,pain,problem"
tooth pain,Dentist,Low,"health,symptom,pain,tooth"
depression,Psychiatrist,Medium,"issue,pain,depression,condition"
cardiac arrest,Cardiologist,Critical,"symptom,cardiac,arrest,condition,problem"
fracture,Orthopedic,High,"symptom,fracture,problem,condition"
kidney pain,Nephrologist,High,"kidney,symptom,pain,problem"
stroke symptoms,Neurologist,Critical,"symptom,health,stroke,symptoms,condition"
tooth pain,Dentist,Low,"issue,symptom,pain,tooth"
breathing difficulty,Pulmonologist,Critical,"health,breathing,issue,problem,difficulty"
skin infection,Dermatologist,Low,"symptom,health,skin,problem,infection"
ear pain,ENT Specialist,Low,"health,pain,problem,ear"
cardiac arrest,Cardiologist,Critical,"cardiac,arrest,health,issue,pain"
cardiac arrest,Cardiologist,Critical,"symptom,cardiac,arrest,pain,problem"
stroke symptoms,Neurologist,Critical,"condition,stroke,symptoms,issue,pain"
fracture,Orthopedic,High,"issue,fracture,pain,condition"
pregnancy complications,Gynecologist,High,"health,complications,pregnancy,condition,problem"
fever,General Physician,Low,"issue,pain,problem,fever"
kidney pain,Nephrologist,High,"kidney,symptom,condition,health,pain"
depression,Psychiatrist,Medium,"symptom,pain,depression,problem"
breathing difficulty,Pulmonologist,Critical,"symptom,breathing,issue,problem,difficulty"
high blood pressure,Cardiologist,Medium,"symptom,blood,high,pressure,issue,problem"
tooth pain,Dentist,Low,"issue,symptom,pain,tooth"
diabetes symptoms,Endocrinologist,Medium,"symptom,symptoms,diabetes,issue,problem"
skin allergy,Dermatologist,Medium,"pain,skin,allergy,issue,condition"
fracture,Orthopedic,High,"symptom,fracture,problem,pain"
thyroid issue,Endocrinologist,Medium,"health,thyroid,issue,pain,problem"
diabetes symptoms,Endocrinologist,Medium,"symptom,health,symptoms,diabetes,issue"
breathing difficulty,Pulmonologist,Critical,"health,breathing,issue,condition,difficulty"
tooth pain,Dentist,Low,"condition,health,tooth,pain,problem"
kidney pain,Nephrologist,High,"kidney,health,issue,pain,problem"
joint pain,Orthopedic,Medium,"issue,symptom,pain,joint"
migraine,Neurologist,Medium,"health,issue,condition,migraine"
tooth pain,Dentist,Low,"condition,health,tooth,pain,problem"
pregnancy complications,Gynecologist,High,"symptom,complications,pregnancy,pain,problem"
skin infection,Dermatologist,Low,"symptom,skin,pain,problem,infection"
asthma attack,Pulmonologist,High,"condition,attack,asthma,pain,problem"
cardiac arrest,Cardiologist,Critical,"cardiac,arrest,health,issue,condition"
high blood pressure,Cardiologist,Medium,"symptom,blood,high,pressure,issue,pain"
tooth pain,Dentist,Low,"symptom,tooth,issue,pain,problem"
skin infection,Dermatologist,Low,"health,skin,issue,pain,infection"
joint pain,Orthopedic,Medium,"problem,pain,joint,condition"
high blood pressure,Cardiologist,Medium,"health,blood,high,pressure,issue,condition"
diabetes symptoms,Endocrinologist,Medium,"symptom,symptoms,diabetes,pain,problem"
fever,General Physician,Low,"symptom,issue,pain,fever"
migraine,Neurologist,Medium,"health,pain,condition,migraine"
eye infection,Ophthalmologist,Low,"health,eye,condition,problem,infection"
migraine,Neurologist,Medium,"health,pain,problem,migraine"
migraine,Neurologist,Medium,"problem,pain,condition,migraine"
fever,General Physician,Low,"health,symptom,problem,fever"
eye infection,Ophthalmologist,Low,"symptom,eye,pain,problem,infection"
breathing difficulty,Pulmonologist,Critical,"symptom,health,breathing,issue,difficulty"
diabetes symptoms,Endocrinologist,Medium,"health,symptoms,diabetes,condition,problem"
migraine,Neurologist,Medium,"health,pain,condition,migraine"
eye infection,Ophthalmologist,Low,"symptom,eye,issue,pain,infection"
fracture,Orthopedic,High,"health,symptom,fracture,problem"
skin allergy,Dermatologist,Medium,"health,skin,allergy,issue,condition"
fever,General Physician,Low,"health,condition,fever,pain"
migraine,Neurologist,Medium,"issue,symptom,condition,migraine"
breathing difficulty,Pulmonologist,Critical,"breathing,issue,pain,problem,difficulty"
joint pain,Orthopedic,Medium,"health,problem,pain,joint"
chest pain,Cardiologist,High,"chest,symptom,pain,problem"
diabetes symptoms,Endocrinologist,Medium,"condition,symptoms,diabetes,pain,problem"
asthma attack,Pulmonologist,High,"symptom,attack,asthma,condition,problem"
breathing difficulty,Pulmonologist,Critical,"symptom,health,breathing,problem,difficulty"
migraine,Neurologist,Medium,"health,condition,problem,migraine"
ear pain,ENT Specialist,Low,"condition,issue,pain,problem,ear"
migraine,Neurologist,Medium,"health,symptom,pain,migraine"
chest pain,Cardiologist,High,"chest,health,symptom,pain"
tooth pain,Dentist,Low,"symptom,issue,pain,tooth"
asthma attack,Pulmonologist,High,"symptom,attack,asthma,issue,problem"
diabetes symptoms,Endocrinologist,Medium,"symptom,symptoms,diabetes,issue,pain"
asthma attack,Pulmonologist,High,"condition,attack,asthma,issue,pain"
high blood pressure,Cardiologist,Medium,"symptom,blood,high,pressure,issue,condition"
fracture,Orthopedic,High,"health,symptom,fracture,problem"
breathing difficulty,Pulmonologist,Critical,"breathing,issue,condition,problem,difficulty"
skin allergy,Dermatologist,Medium,"skin,allergy,issue,pain,problem"
breathing difficulty,Pulmonologist,Critical,"symptom,health,breathing,pain,difficulty"
cardiac arrest,Cardiologist,Critical,"condition,cardiac,arrest,issue,pain"
fracture,Orthopedic,High,"issue,fracture,problem,pain"
migraine,Neurologist,Medium,"health,issue,pain,migraine"
asthma attack,Pulmonologist,High,"symptom,attack,health,asthma,pain"
chest pain,Cardiologist,High,"chest,issue,pain,problem"
stroke symptoms,Neurologist,Critical,"health,stroke,symptoms,issue,pain"
stroke symptoms,Neurologist,Critical,"stroke,symptoms,issue,condition,problem"
joint pain,Orthopedic,Medium,"symptom,condition,joint,pain,problem"
migraine,Neurologist,Medium,"symptom,condition,problem,migraine"
skin allergy,Dermatologist,Medium,"pain,skin,allergy,condition,problem"
fever,General Physician,Low,"health,symptom,condition,fever"
diabetes symptoms,Endocrinologist,Medium,"symptom,health,symptoms,diabetes,problem"
diabetes symptoms,Endocrinologist,Medium,"symptom,pain,symptoms,diabetes,condition"
tooth pain,Dentist,Low,"health,symptom,pain,tooth"
ear pain,ENT Specialist,Low,"condition,health,issue,pain,ear"
breathing difficulty,Pulmonologist,Critical,"condition,health,breathing,pain,difficulty"
pregnancy complications,Gynecologist,High,"health,complications,pregnancy,issue,condition"
thyroid issue,Endocrinologist,Medium,"issue,symptom,problem,thyroid"
depression,Psychiatrist,Medium,"health,symptom,pain,depression"
joint pain,Orthopedic,Medium,"health,issue,pain,joint"
stroke symptoms,Neurologist,Critical,"stroke,symptoms,issue,pain,problem"
diabetes symptoms,Endocrinologist,Medium,"symptom,health,symptoms,diabetes,problem"
depression,Psychiatrist,Medium,"health,symptom,pain,depression"
chest pain,Cardiologist,High,"symptom,condition,health,chest,pain"
cardiac arrest,Cardiologist,Critical,"symptom,cardiac,arrest,issue,pain"
fracture,Orthopedic,High,"health,symptom,fracture,issue"
fever,General Physician,Low,"health,pain,fever,condition"
skin infection,Dermatologist,Low,"health,skin,issue,problem,infection"
joint pain,Orthopedic,Medium,"issue,symptom,pain,joint"
depression,Psychiatrist,Medium,"issue,problem,pain,depression"
depression,Psychiatrist,Medium,"symptom,pain,depression,problem"
migraine,Neurologist,Medium,"health,issue,problem,migraine"
eye infection,Ophthalmologist,Low,"symptom,eye,issue,pain,infection"
breathing difficulty,Pulmonologist,Critical,"symptom,health,breathing,problem,difficulty"
migraine,Neurologist,Medium,"issue,pain,condition,migraine"
thyroid issue,Endocrinologist,Medium,"symptom,health,thyroid,issue,pain"
depression,Psychiatrist,Medium,"health,problem,condition,depression"
cardiac arrest,Cardiologist,Critical,"symptom,cardiac,arrest,health,condition"
kidney pain,Nephrologist,High,"kidney,health,pain,condition"
skin infection,Dermatologist,Low,"symptom,skin,condition,problem,infection"
asthma attack,Pulmonologist,High,"condition,attack,asthma,pain,problem"
thyroid issue,Endocrinologist,Medium,"health,thyroid,issue,condition,problem"
kidney pain,Nephrologist,High,"kidney,symptom,issue,pain,problem"
chest pain,Cardiologist,High,"health,chest,issue,pain,problem"
cardiac arrest,Cardiologist,Critical,"condition,cardiac,arrest,issue,pain"
depression,Psychiatrist,Medium,"issue,problem,pain,depression"
ear pain,ENT Specialist,Low,"health,issue,pain,problem,ear"
thyroid issue,Endocrinologist,Medium,"issue,symptom,problem,thyroid"
depression,Psychiatrist,Medium,"health,problem,condition,depression"
fracture,Orthopedic,High,"health,issue,fracture,problem"
skin infection,Dermatologist,Low,"skin,issue,pain,problem,infection"
eye infection,Ophthalmologist,Low,"symptom,eye,pain,problem,infection"
fever,General Physician,Low,"health,pain,problem,fever"
chest pain,Cardiologist,High,"chest,symptom,pain,problem"
thyroid issue,Endocrinologist,Medium,"issue,symptom,problem,thyroid"
stroke symptoms,Neurologist,Critical,"symptom,stroke,symptoms,condition,problem"
thyroid issue,Endocrinologist,Medium,"issue,condition,problem,thyroid"
pregnancy complications,Gynecologist,High,"symptom,complications,pregnancy,issue,problem"
skin infection,Dermatologist,Low,"symptom,health,skin,problem,infection"
skin allergy,Dermatologist,Medium,"condition,skin,allergy,issue,pain"
joint pain,Orthopedic,Medium,"symptom,issue,pain,joint"
depression,Psychiatrist,Medium,"health,issue,pain,depression"
fracture,Orthopedic,High,"symptom,issue,fracture,problem"
pregnancy complications,Gynecologist,High,"health,complications,pregnancy,condition,problem"
ear pain,ENT Specialist,Low,"health,pain,problem,ear"
kidney pain,Nephrologist,High,"kidney,health,pain,condition"
high blood pressure,Cardiologist,Medium,"health,blood,high,pressure,issue,pain"
skin infection,Dermatologist,Low,"symptom,health,skin,problem,infection"
eye infection,Ophthalmologist,Low,"health,eye,issue,pain,infection"
joint pain,Orthopedic,Medium,"symptom,condition,joint,health,pain"
stroke symptoms,Neurologist,Critical,"symptom,stroke,symptoms,issue,problem"
cardiac arrest,Cardiologist,Critical,"symptom,cardiac,arrest,health,problem"
fever,General Physician,Low,"health,pain,fever,condition"
cardiac arrest,Cardiologist,Critical,"cardiac,arrest,health,issue,condition"
breathing difficulty,Pulmonologist,Critical,"health,breathing,issue,pain,difficulty"
thyroid issue,Endocrinologist,Medium,"pain,thyroid,issue,condition,problem"
breathing difficulty,Pulmonologist,Critical,"symptom,breathing,condition,problem,difficulty"
ear pain,ENT Specialist,Low,"symptom,condition,pain,problem,ear"
high blood pressure,Cardiologist,Medium,"symptom,health,blood,high,pressure,pain"
cardiac arrest,Cardiologist,Critical,"symptom,cardiac,arrest,health,issue"
cardiac arrest,Cardiologist,Critical,"symptom,cardiac,arrest,health,problem"
fracture,Orthopedic,High,"symptom,fracture,problem,pain"
migraine,Neurologist,Medium,"symptom,issue,pain,migraine"
fever,General Physician,Low,"condition,problem,fever,pain"
pregnancy complications,Gynecologist,High,"symptom,complications,pregnancy,issue,problem"
kidney pain,Nephrologist,High,"kidney,health,issue,pain,problem"
migraine,Neurologist,Medium,"health,issue,pain,migraine"
breathing difficulty,Pulmonologist,Critical,"condition,health,breathing,pain,difficulty"
skin infection,Dermatologist,Low,"health,skin,condition,problem,infection"
thyroid issue,Endocrinologist,Medium,"symptom,thyroid,issue,condition,problem"
high blood pressure,Cardiologist,Medium,"blood,high,pressure,issue,condition,problem"
skin allergy,Dermatologist,Medium,"health,skin,allergy,issue,problem"
high blood pressure,Cardiologist,Medium,"health,blood,high,pressure,pain,problem"
thyroid issue,Endocrinologist,Medium,"health,thyroid,issue,condition,problem"
fever,General Physician,Low,"issue,condition,problem,fever"
ear pain,ENT Specialist,Low,"pain,problem,ear,condition"
breathing difficulty,Pulmonologist,Critical,"condition,breathing,issue,pain,difficulty"
cardiac arrest,Cardiologist,Critical,"symptom,cardiac,arrest,issue,condition"
high blood pressure,Cardiologist,Medium,"pain,blood,high,pressure,condition,problem"
skin infection,Dermatologist,Low,"skin,issue,pain,problem,infection"
stroke symptoms,Neurologist,Critical,"symptom,stroke,symptoms,condition,problem"
asthma attack,Pulmonologist,High,"symptom,attack,health,asthma,pain"
high blood pressure,Cardiologist,Medium,"health,blood,high,pressure,pain,problem"
stroke symptoms,Neurologist,Critical,"health,stroke,symptoms,issue,condition"
pregnancy complications,Gynecologist,High,"symptom,complications,pregnancy,pain,problem"
migraine,Neurologist,Medium,"health,issue,symptom,migraine"
diabetes symptoms,Endocrinologist,Medium,"symptom,health,symptoms,diabetes,problem"
fever,General Physician,Low,"health,issue,condition,fever"
eye infection,Ophthalmologist,Low,"eye,issue,condition,problem,infection"
ear pain,ENT Specialist,Low,"health,pain,problem,ear"
eye infection,Ophthalmologist,Low,"symptom,eye,condition,problem,infection"
stroke symptoms,Neurologist,Critical,"symptom,stroke,symptoms,issue,pain"
joint pain,Orthopedic,Medium,"health,problem,pain,joint"
asthma attack,Pulmonologist,High,"condition,attack,health,asthma,pain"
kidney pain,Nephrologist,High,"kidney,symptom,condition,pain,problem"
joint pain,Orthopedic,Medium,"symptom,pain,joint,condition"
stroke symptoms,Neurologist,Critical,"symptom,stroke,symptoms,issue,condition"
migraine,Neurologist,Medium,"health,condition,problem,migraine"
breathing difficulty,Pulmonologist,Critical,"symptom,breathing,issue,condition,difficulty"
fever,General Physician,Low,"health,issue,symptom,fever"
joint pain,Orthopedic,Medium,"condition,joint,health,pain,problem"
skin allergy,Dermatologist,Medium,"symptom,skin,allergy,issue,problem"
fracture,Orthopedic,High,"issue,fracture,pain,condition"
chest pain,Cardiologist,High,"chest,issue,symptom,pain"
thyroid issue,Endocrinologist,Medium,"health,thyroid,issue,condition,problem"
migraine,Neurologist,Medium,"health,issue,condition,migraine"
stroke symptoms,Neurologist,Critical,"symptom,stroke,symptoms,issue,problem"
skin allergy,Dermatologist,Medium,"symptom,skin,allergy,issue,problem"
pregnancy complications,Gynecologist,High,"health,complications,pregnancy,issue,problem"
breathing difficulty,Pulmonologist,Critical,"symptom,breathing,condition,problem,difficulty"
stroke symptoms,Neurologist,Critical,"health,stroke,symptoms,issue,pain"
skin infection,Dermatologist,Low,"health,skin,issue,pain,infection"
depression,Psychiatrist,Medium,"health,problem,condition,depression"
asthma attack,Pulmonologist,High,"symptom,attack,health,asthma,pain"
depression,Psychiatrist,Medium,"problem,pain,depression,condition"
eye infection,Ophthalmologist,Low,"symptom,health,eye,issue,infection"
high blood pressure,Cardiologist,Medium,"health,blood,high,pressure,issue,problem"
tooth pain,Dentist,Low,"symptom,condition,health,tooth,pain"
asthma attack,Pulmonologist,High,"symptom,attack,health,asthma,issue"
eye infection,Ophthalmologist,Low,"pain,eye,condition,problem,infection"
high blood pressure,Cardiologist,Medium,"symptom,condition,blood,high,pressure,pain"
thyroid issue,Endocrinologist,Medium,"health,issue,symptom,thyroid"
high blood pressure,Cardiologist,Medium,"symptom,health,blood,high,pressure,issue"
depression,Psychiatrist,Medium,"health,problem,condition,depression"
fever,General Physician,Low,"issue,condition,fever,pain"
high blood pressure,Cardiologist,Medium,"condition,blood,high,pressure,pain,problem"
fracture,Orthopedic,High,"issue,symptom,fracture,pain"
pregnancy complications,Gynecologist,High,"symptom,health,complications,pregnancy,problem"
fracture,Orthopedic,High,"issue,symptom,fracture,condition"
high blood pressure,Cardiologist,Medium,"health,blood,high,pressure,pain,problem"
eye infection,Ophthalmologist,Low,"symptom,eye,condition,problem,infection"
stroke symptoms,Neurologist,Critical,"health,stroke,symptoms,condition,problem"
pregnancy complications,Gynecologist,High,"health,complications,pregnancy,pain,problem"
eye infection,Ophthalmologist,Low,"symptom,health,eye,problem,infection"
stroke symptoms,Neurologist,Critical,"stroke,symptoms,issue,condition,problem"
pregnancy complications,Gynecologist,High,"complications,pregnancy,issue,pain,problem"
stroke symptoms,Neurologist,Critical,"symptom,condition,stroke,symptoms,pain"
pregnancy complications,Gynecologist,High,"symptom,complications,pregnancy,issue,problem"
pregnancy complications,Gynecologist,High,"health,complications,pregnancy,issue,condition"
depression,Psychiatrist,Medium,"symptom,pain,depression,problem"
tooth pain,Dentist,Low,"issue,pain,problem,tooth"
skin allergy,Dermatologist,Medium,"skin,allergy,issue,condition,problem"
kidney pain,Nephrologist,High,"kidney,health,pain,problem"
fever,General Physician,Low,"symptom,pain,problem,fever"
pregnancy complications,Gynecologist,High,"health,complications,pregnancy,issue,pain"
depression,Psychiatrist,Medium,"symptom,condition,depression,problem"
joint pain,Orthopedic,Medium,"problem,pain,joint,condition"
tooth pain,Dentist,Low,"symptom,pain,problem,tooth"
joint pain,Orthopedic,Medium,"health,symptom,pain,joint"
pregnancy complications,Gynecologist,High,"complications,pregnancy,issue,pain,problem"
thyroid issue,Endocrinologist,Medium,"health,issue,symptom,thyroid"
depression,Psychiatrist,Medium,"health,problem,condition,depression"
tooth pain,Dentist,Low,"condition,tooth,issue,pain,problem"
high blood pressure,Cardiologist,Medium,"symptom,pain,blood,high,pressure,condition"
cardiac arrest,Cardiologist,Critical,"cardiac,arrest,issue,pain,problem"
depression,Psychiatrist,Medium,"symptom,problem,pain,depression"
breathing difficulty,Pulmonologist,Critical,"symptom,breathing,issue,problem,difficulty"
asthma attack,Pulmonologist,High,"attack,asthma,issue,condition,problem"
skin infection,Dermatologist,Low,"skin,issue,condition,problem,infection"
migraine,Neurologist,Medium,"symptom,condition,problem,migraine"
chest pain,Cardiologist,High,"condition,chest,issue,pain,problem"
asthma attack,Pulmonologist,High,"attack,asthma,issue,pain,problem"
depression,Psychiatrist,Medium,"issue,symptom,depression,condition"
fracture,Orthopedic,High,"health,pain,fracture,condition"
eye infection,Ophthalmologist,Low,"health,eye,issue,pain,infection"
diabetes symptoms,Endocrinologist,Medium,"health,symptoms,diabetes,issue,condition"
chest pain,Cardiologist,High,"symptom,health,chest,issue,pain"
skin allergy,Dermatologist,Medium,"health,skin,allergy,pain,problem"
stroke symptoms,Neurologist,Critical,"symptom,stroke,symptoms,issue,condition"
stroke symptoms,Neurologist,Critical,"stroke,symptoms,issue,pain,problem"
thyroid issue,Endocrinologist,Medium,"health,issue,pain,thyroid"
depression,Psychiatrist,Medium,"health,problem,condition,depression"
high blood pressure,Cardiologist,Medium,"symptom,blood,high,pressure,issue,problem"
breathing difficulty,Pulmonologist,Critical,"health,breathing,issue,condition,difficulty"
high blood pressure,Cardiologist,Medium,"symptom,health,blood,high,pressure,condition"
depression,Psychiatrist,Medium,"issue,problem,condition,depression"
stroke symptoms,Neurologist,Critical,"symptom,stroke,symptoms,condition,problem"
stroke symptoms,Neurologist,Critical,"symptom,stroke,symptoms,issue,condition"
ear pain,ENT Specialist,Low,"health,issue,pain,problem,ear"
diabetes symptoms,Endocrinologist,Medium,"symptom,health,symptoms,diabetes,problem"
depression,Psychiatrist,Medium,"health,problem,pain,depression"
eye infection,Ophthalmologist,Low,"eye,issue,pain,problem,infection"
fracture,Orthopedic,High,"issue,fracture,problem,pain"
thyroid issue,Endocrinologist,Medium,"health,issue,pain,thyroid"
fracture,Orthopedic,High,"health,fracture,condition,pain"
thyroid issue,Endocrinologist,Medium,"symptom,thyroid,issue,pain,problem"
eye infection,Ophthalmologist,Low,"symptom,eye,issue,problem,infection"
ear pain,ENT Specialist,Low,"issue,pain,ear,condition"
depression,Psychiatrist,Medium,"health,pain,depression,condition"
joint pain,Orthopedic,Medium,"issue,problem,pain,joint"
ear pain,ENT Specialist,Low,"symptom,condition,health,pain,ear"
ear pain,ENT Specialist,Low,"health,pain,ear,condition"
stroke symptoms,Neurologist,Critical,"health,stroke,symptoms,issue,pain"
thyroid issue,Endocrinologist,Medium,"health,issue,symptom,thyroid"
high blood pressure,Cardiologist,Medium,"symptom,blood,high,pressure,pain,problem"
fracture,Orthopedic,High,"symptom,pain,fracture,condition"
pregnancy complications,Gynecologist,High,"symptom,complications,pregnancy,pain,problem"
tooth pain,Dentist,Low,"health,pain,tooth,condition"
joint pain,Orthopedic,Medium,"health,issue,pain,joint"
pregnancy complications,Gynecologist,High,"symptom,complications,pregnancy,condition,problem"
fracture,Orthopedic,High,"health,issue,fracture,problem"
depression,Psychiatrist,Medium,"problem,pain,depression,condition"
high blood pressure,Cardiologist,Medium,"condition,health,blood,high,pressure,pain"
thyroid issue,Endocrinologist,Medium,"health,issue,condition,thyroid"
asthma attack,Pulmonologist,High,"symptom,attack,asthma,pain,problem"
cardiac arrest,Cardiologist,Critical,"symptom,cardiac,arrest,health,issue"
skin infection,Dermatologist,Low,"symptom,health,skin,condition,infection"
stroke symptoms,Neurologist,Critical,"symptom,health,stroke,symptoms,issue"
joint pain,Orthopedic,Medium,"problem,pain,joint,condition"
skin allergy,Dermatologist,Medium,"symptom,skin,allergy,condition,problem"
thyroid issue,Endocrinologist,Medium,"issue,symptom,problem,thyroid"
pregnancy complications,Gynecologist,High,"symptom,complications,pregnancy,pain,problem"
skin infection,Dermatologist,Low,"pain,health,skin,condition,infection"
high blood pressure,Cardiologist,Medium,"symptom,health,blood,high,pressure,pain"
tooth pain,Dentist,Low,"health,symptom,pain,tooth"
fever,General Physician,Low,"symptom,pain,fever,condition"
high blood pressure,Cardiologist,Medium,"health,blood,high,pressure,issue,condition"
breathing difficulty,Pulmonologist,Critical,"health,breathing,condition,problem,difficulty"
breathing difficulty,Pulmonologist,Critical,"symptom,health,breathing,issue,difficulty"
eye infection,Ophthalmologist,Low,"symptom,health,eye,condition,infection"
ear pain,ENT Specialist,Low,"issue,pain,problem,ear"
migraine,Neurologist,Medium,"health,issue,symptom,migraine"
eye infection,Ophthalmologist,Low,"health,eye,issue,problem,infection"
joint pain,Orthopedic,Medium,"symptom,joint,issue,pain,problem"
skin infection,Dermatologist,Low,"health,skin,issue,condition,infection"
pregnancy complications,Gynecologist,High,"symptom,health,complications,pregnancy,issue"
chest pain,Cardiologist,High,"chest,pain,problem,condition"
stroke symptoms,Neurologist,Critical,"health,stroke,symptoms,issue,condition"
pregnancy complications,Gynecologist,High,"symptom,complications,pregnancy,issue,problem"
eye infection,Ophthalmologist,Low,"symptom,condition,eye,pain,infection"
pregnancy complications,Gynecologist,High,"health,complications,pregnancy,condition,problem"
breathing difficulty,Pulmonologist,Critical,"condition,breathing,issue,pain,difficulty"
pregnancy complications,Gynecologist,High,"health,complications,pregnancy,pain,problem"
fracture,Orthopedic,High,"health,pain,fracture,condition"
skin allergy,Dermatologist,Medium,"health,skin,allergy,issue,pain"
cardiac arrest,Cardiologist,Critical,"cardiac,arrest,health,condition,problem"
kidney pain,Nephrologist,High,"kidney,issue,pain,problem"
tooth pain,Dentist,Low,"health,pain,problem,tooth"
fever,General Physician,Low,"symptom,condition,fever,pain"
eye infection,Ophthalmologist,Low,"health,eye,condition,problem,infection"
pregnancy complications,Gynecologist,High,"health,complications,pregnancy,issue,condition"
breathing difficulty,Pulmonologist,Critical,"symptom,health,breathing,problem,difficulty"
joint pain,Orthopedic,Medium,"issue,pain,joint,problem"
fracture,Orthopedic,High,"symptom,fracture,problem,pain"
eye infection,Ophthalmologist,Low,"condition,eye,pain,problem,infection"
fever,General Physician,Low,"symptom,issue,fever,condition"
skin allergy,Dermatologist,Medium,"health,skin,allergy,issue,condition"
kidney pain,Nephrologist,High,"kidney,symptom,condition,health,pain"
cardiac arrest,Cardiologist,Critical,"symptom,cardiac,arrest,pain,problem"
skin allergy,Dermatologist,Medium,"health,skin,allergy,issue,pain"
breathing difficulty,Pulmonologist,Critical,"health,breathing,pain,problem,difficulty"
eye infection,Ophthalmologist,Low,"health,eye,issue,condition,infection"
eye infection,Ophthalmologist,Low,"condition,eye,pain,problem,infection"
diabetes symptoms,Endocrinologist,Medium,"health,symptoms,diabetes,condition,problem"
joint pain,Orthopedic,Medium,"condition,joint,health,issue,pain"
skin infection,Dermatologist,Low,"health,skin,condition,problem,infection"
stroke symptoms,Neurologist,Critical,"symptom,health,stroke,symptoms,problem"
cardiac arrest,Cardiologist,Critical,"cardiac,arrest,health,issue,condition"
stroke symptoms,Neurologist,Critical,"stroke,symptoms,issue,condition,problem"
high blood pressure,Cardiologist,Medium,"health,blood,high,pressure,issue,condition"
high blood pressure,Cardiologist,Medium,"health,blood,high,pressure,pain,problem"
asthma attack,Pulmonologist,High,"symptom,attack,health,asthma,pain"
breathing difficulty,Pulmonologist,Critical,"condition,breathing,pain,problem,difficulty"
joint pain,Orthopedic,Medium,"symptom,joint,health,issue,pain"
joint pain,Orthopedic,Medium,"symptom,condition,joint,issue,pain"
stroke symptoms,Neurologist,Critical,"health,stroke,symptoms,issue,problem"
high blood pressure,Cardiologist,Medium,"symptom,blood,high,pressure,issue,pain"
ear pain,ENT Specialist,Low,"symptom,condition,health,pain,ear"
eye infection,Ophthalmologist,Low,"symptom,eye,issue,problem,infection"
pregnancy complications,Gynecologist,High,"symptom,health,complications,pregnancy,condition"
chest pain,Cardiologist,High,"chest,issue,pain,condition"
cardiac arrest,Cardiologist,Critical,"symptom,condition,cardiac,arrest,pain"
migraine,Neurologist,Medium,"health,issue,pain,migraine"
high blood pressure,Cardiologist,Medium,"blood,high,pressure,issue,condition,problem"
chest pain,Cardiologist,High,"symptom,condition,health,chest,pain"
migraine,Neurologist,Medium,"health,symptom,condition,migraine"
high blood pressure,Cardiologist,Medium,"symptom,health,blood,high,pressure,issue"
asthma attack,Pulmonologist,High,"symptom,attack,health,asthma,issue"
ear pain,ENT Specialist,Low,"health,issue,pain,ear"
pregnancy complications,Gynecologist,High,"symptom,complications,pregnancy,issue,problem"
pregnancy complications,Gynecologist,High,"symptom,health,complications,pregnancy,pain"
cardiac arrest,Cardiologist,Critical,"symptom,cardiac,arrest,issue,condition"
skin infection,Dermatologist,Low,"health,skin,issue,problem,infection"
migraine,Neurologist,Medium,"health,pain,condition,migraine"
cardiac arrest,Cardiologist,Critical,"cardiac,arrest,health,issue,condition"
high blood pressure,Cardiologist,Medium,"health,blood,high,pressure,pain,problem"
joint pain,Orthopedic,Medium,"symptom,pain,joint,condition"
fever,General Physician,Low,"health,symptom,pain,fever"
high blood pressure,Cardiologist,Medium,"symptom,pain,blood,high,pressure,condition"
ear pain,ENT Specialist,Low,"health,issue,pain,problem,ear"
eye infection,Ophthalmologist,Low,"symptom,condition,eye,pain,infection"
chest pain,Cardiologist,High,"chest,health,pain,problem"
skin infection,Dermatologist,Low,"pain,skin,condition,problem,infection"
stroke symptoms,Neurologist,Critical,"symptom,health,stroke,symptoms,problem"
breathing difficulty,Pulmonologist,Critical,"symptom,health,breathing,condition,difficulty"
high blood pressure,Cardiologist,Medium,"symptom,health,blood,high,pressure,condition"
pregnancy complications,Gynecologist,High,"symptom,complications,pregnancy,issue,pain"
cardiac arrest,Cardiologist,Critical,"symptom,cardiac,arrest,issue,problem"
depression,Psychiatrist,Medium,"problem,symptom,depression,condition"
cardiac arrest,Cardiologist,Critical,"symptom,cardiac,pain,arrest,condition"
skin infection,Dermatologist,Low,"symptom,health,skin,problem,infection"
fracture,Orthopedic,High,"health,issue,fracture,condition"
tooth pain,Dentist,Low,"symptom,condition,tooth,pain,problem"
migraine,Neurologist,Medium,"issue,symptom,condition,migraine"
fracture,Orthopedic,High,"health,symptom,fracture,problem"
pregnancy complications,Gynecologist,High,"symptom,complications,pregnancy,condition,problem"
cardiac arrest,Cardiologist,Critical,"symptom,cardiac,arrest,pain,problem"
migraine,Neurologist,Medium,"symptom,condition,pain,migraine"
skin allergy,Dermatologist,Medium,"symptom,health,skin,allergy,condition"
asthma attack,Pulmonologist,High,"attack,asthma,issue,pain,problem"
diabetes symptoms,Endocrinologist,Medium,"symptom,health,symptoms,diabetes,problem"
chest pain,Cardiologist,High,"chest,symptom,pain,condition"
stroke symptoms,Neurologist,Critical,"symptom,stroke,symptoms,issue,problem"
fracture,Orthopedic,High,"health,symptom,fracture,pain"
pregnancy complications,Gynecologist,High,"symptom,health,complications,pregnancy,condition"
diabetes symptoms,Endocrinologist,Medium,"symptoms,diabetes,issue,pain,problem"
tooth pain,Dentist,Low,"health,symptom,pain,tooth"
joint pain,Orthopedic,Medium,"health,problem,pain,joint"
diabetes symptoms,Endocrinologist,Medium,"health,symptoms,diabetes,issue,problem"
ear pain,ENT Specialist,Low,"symptom,condition,issue,pain,ear"
chest pain,Cardiologist,High,"symptom,chest,issue,pain,problem"
kidney pain,Nephrologist,High,"kidney,symptom,health,pain,problem"
cardiac arrest,Cardiologist,Critical,"cardiac,arrest,health,condition,problem"
breathing difficulty,Pulmonologist,Critical,"symptom,breathing,issue,problem,difficulty"
pregnancy complications,Gynecologist,High,"symptom,health,complications,pregnancy,issue"
migraine,Neurologist,Medium,"issue,condition,problem,migraine"
asthma attack,Pulmonologist,High,"symptom,attack,health,asthma,condition"
high blood pressure,Cardiologist,Medium,"health,blood,high,pressure,issue,pain"
kidney pain,Nephrologist,High,"symptom,kidney,health,pain"
ear pain,ENT Specialist,Low,"symptom,health,pain,problem,ear"
skin allergy,Dermatologist,Medium,"symptom,health,skin,allergy,condition"
depression,Psychiatrist,Medium,"health,symptom,pain,depression"
chest pain,Cardiologist,High,"chest,health,issue,pain"
thyroid issue,Endocrinologist,Medium,"issue,symptom,thyroid,pain"
skin allergy,Dermatologist,Medium,"symptom,skin,allergy,condition,problem"
ear pain,ENT Specialist,Low,"symptom,condition,health,pain,ear"
skin allergy,Dermatologist,Medium,"symptom,health,skin,allergy,condition"
breathing difficulty,Pulmonologist,Critical,"symptom,breathing,issue,problem,difficulty"
joint pain,Orthopedic,Medium,"symptom,condition,joint,pain,problem"
chest pain,Cardiologist,High,"condition,chest,issue,pain,problem"
tooth pain,Dentist,Low,"symptom,condition,tooth,issue,pain"
ear pain,ENT Specialist,Low,"health,issue,pain,problem,ear"
diabetes symptoms,Endocrinologist,Medium,"symptom,symptoms,diabetes,issue,pain"
pregnancy complications,Gynecologist,High,"health,complications,pregnancy,condition,problem"
chest pain,Cardiologist,High,"symptom,condition,chest,issue,pain"
diabetes symptoms,Endocrinologist,Medium,"symptom,health,symptoms,diabetes,condition"
fever,General Physician,Low,"health,symptom,issue,fever"
fever,General Physician,Low,"health,issue,symptom,fever"
ear pain,ENT Specialist,Low,"issue,pain,problem,ear"
skin infection,Dermatologist,Low,"health,skin,condition,problem,infection"
joint pain,Orthopedic,Medium,"condition,joint,health,issue,pain"
fracture,Orthopedic,High,"health,pain,fracture,condition"
diabetes symptoms,Endocrinologist,Medium,"health,symptoms,diabetes,condition,problem"
asthma attack,Pulmonologist,High,"symptom,attack,asthma,issue,pain"
stroke symptoms,Neurologist,Critical,"symptom,stroke,symptoms,pain,problem"
migraine,Neurologist,Medium,"issue,symptom,problem,migraine"
depression,Psychiatrist,Medium,"issue,condition,depression,problem"
asthma attack,Pulmonologist,High,"symptom,attack,asthma,issue,pain"
eye infection,Ophthalmologist,Low,"pain,health,eye,condition,infection"
ear pain,ENT Specialist,Low,"condition,issue,pain,problem,ear"
skin allergy,Dermatologist,Medium,"symptom,health,skin,allergy,problem"
joint pain,Orthopedic,Medium,"symptom,joint,issue,pain,problem"
asthma attack,Pulmonologist,High,"attack,health,asthma,issue,problem"
breathing difficulty,Pulmonologist,Critical,"symptom,health,breathing,condition,difficulty"
eye infection,Ophthalmologist,Low,"health,eye,issue,problem,infection"
skin infection,Dermatologist,Low,"symptom,skin,condition,problem,infection"
skin infection,Dermatologist,Low,"condition,skin,pain,problem,infection"
kidney pain,Nephrologist,High,"kidney,issue,pain,problem"
fracture,Orthopedic,High,"health,symptom,fracture,problem"
thyroid issue,Endocrinologist,Medium,"pain,health,thyroid,issue,condition"
eye infection,Ophthalmologist,Low,"symptom,eye,issue,problem,infection"
kidney pain,Nephrologist,High,"kidney,symptom,issue,pain,problem"
joint pain,Orthopedic,Medium,"problem,pain,joint,condition"
joint pain,Orthopedic,Medium,"symptom,joint,health,pain,problem"
diabetes symptoms,Endocrinologist,Medium,"symptoms,diabetes,issue,pain,problem"
asthma attack,Pulmonologist,High,"attack,health,asthma,issue,pain"
depression,Psychiatrist,Medium,"issue,pain,depression,problem"
pregnancy complications,Gynecologist,High,"condition,complications,pregnancy,pain,problem"
fever,General Physician,Low,"issue,pain,problem,fever"
fracture,Orthopedic,High,"health,symptom,fracture,condition"
ear pain,ENT Specialist,Low,"symptom,issue,pain,problem,ear"
thyroid issue,Endocrinologist,Medium,"health,thyroid,issue,condition,problem"
cardiac arrest,Cardiologist,Critical,"cardiac,arrest,health,issue,condition"
fracture,Orthopedic,High,"symptom,fracture,problem,pain"
fracture,Orthopedic,High,"issue,fracture,condition,pain"
pregnancy complications,Gynecologist,High,"symptom,health,complications,pregnancy,issue"
chest pain,Cardiologist,High,"chest,pain,problem,condition"
asthma attack,Pulmonologist,High,"attack,asthma,issue,condition,problem"
pregnancy complications,Gynecologist,High,"pain,complications,pregnancy,condition,problem"
kidney pain,Nephrologist,High,"kidney,condition,health,issue,pain"
skin allergy,Dermatologist,Medium,"symptom,skin,allergy,pain,problem"
chest pain,Cardiologist,High,"condition,health,chest,pain,problem"
cardiac arrest,Cardiologist,Critical,"symptom,cardiac,arrest,condition,problem"
cardiac arrest,Cardiologist,Critical,"symptom,cardiac,arrest,condition,problem"
tooth pain,Dentist,Low,"health,issue,pain,tooth"
skin infection,Dermatologist,Low,"health,skin,issue,pain,infection"
pregnancy complications,Gynecologist,High,"pain,complications,pregnancy,issue,condition"
stroke symptoms,Neurologist,Critical,"stroke,symptoms,issue,condition,problem"
diabetes symptoms,Endocrinologist,Medium,"health,symptoms,diabetes,issue,condition"
ear pain,ENT Specialist,Low,"symptom,health,issue,pain,ear"
depression,Psychiatrist,Medium,"health,issue,condition,depression"
fever,General Physician,Low,"health,symptom,condition,fever"
migraine,Neurologist,Medium,"health,symptom,issue,migraine"
kidney pain,Nephrologist,High,"kidney,condition,health,issue,pain"
eye infection,Ophthalmologist,Low,"condition,health,eye,pain,infection"
asthma attack,Pulmonologist,High,"symptom,attack,asthma,condition,problem"
fracture,Orthopedic,High,"issue,symptom,fracture,problem"
migraine,Neurologist,Medium,"symptom,condition,pain,migraine"
eye infection,Ophthalmologist,Low,"health,eye,issue,problem,infection"
fever,General Physician,Low,"health,symptom,problem,fever"
fracture,Orthopedic,High,"issue,fracture,problem,pain"
thyroid issue,Endocrinologist,Medium,"issue,condition,problem,thyroid"
tooth pain,Dentist,Low,"symptom,condition,tooth,pain,problem"
pregnancy complications,Gynecologist,High,"pain,health,complications,pregnancy,condition"
joint pain,Orthopedic,Medium,"symptom,joint,issue,pain,problem"
skin infection,Dermatologist,Low,"symptom,condition,skin,pain,infection"
high blood pressure,Cardiologist,Medium,"blood,high,pressure,issue,pain,problem"
fever,General Physician,Low,"health,symptom,problem,fever"
stroke symptoms,Neurologist,Critical,"health,stroke,symptoms,pain,problem"
asthma attack,Pulmonologist,High,"attack,health,asthma,condition,problem"
breathing difficulty,Pulmonologist,Critical,"health,breathing,pain,problem,difficulty"
asthma attack,Pulmonologist,High,"attack,asthma,issue,condition,problem"
fracture,Orthopedic,High,"health,fracture,problem,condition"
breathing difficulty,Pulmonologist,Critical,"symptom,breathing,issue,problem,difficulty"
joint pain,Orthopedic,Medium,"joint,health,issue,pain,problem"
kidney pain,Nephrologist,High,"kidney,symptom,pain,condition"
stroke symptoms,Neurologist,Critical,"symptom,stroke,symptoms,issue,problem"
skin infection,Dermatologist,Low,"symptom,health,skin,pain,infection"
migraine,Neurologist,Medium,"health,issue,condition,migraine"
fracture,Orthopedic,High,"health,fracture,problem,condition"
high blood pressure,Cardiologist,Medium,"health,blood,high,pressure,issue,pain"
breathing difficulty,Pulmonologist,Critical,"symptom,health,breathing,issue,difficulty"
kidney pain,Nephrologist,High,"kidney,health,issue,pain,problem"
skin infection,Dermatologist,Low,"health,skin,condition,problem,infection"
pregnancy complications,Gynecologist,High,"health,complications,pregnancy,pain,problem"
thyroid issue,Endocrinologist,Medium,"health,issue,problem,thyroid"
tooth pain,Dentist,Low,"symptom,condition,tooth,issue,pain"
diabetes symptoms,Endocrinologist,Medium,"pain,symptoms,diabetes,issue,condition"
diabetes symptoms,Endocrinologist,Medium,"pain,symptoms,diabetes,condition,problem"
fracture,Orthopedic,High,"issue,fracture,problem,pain"
skin allergy,Dermatologist,Medium,"symptom,skin,allergy,issue,pain"
breathing difficulty,Pulmonologist,Critical,"symptom,breathing,issue,condition,difficulty"
migraine,Neurologist,Medium,"health,pain,problem,migraine"
tooth pain,Dentist,Low,"health,pain,problem,tooth"
diabetes symptoms,Endocrinologist,Medium,"health,symptoms,diabetes,pain,problem"
skin allergy,Dermatologist,Medium,"skin,allergy,issue,pain,problem"
fracture,Orthopedic,High,"health,symptom,fracture,condition"
migraine,Neurologist,Medium,"issue,pain,condition,migraine"
high blood pressure,Cardiologist,Medium,"symptom,condition,blood,high,pressure,pain"
eye infection,Ophthalmologist,Low,"pain,eye,condition,problem,infection"
skin allergy,Dermatologist,Medium,"skin,allergy,issue,condition,problem"
high blood pressure,Cardiologist,Medium,"symptom,health,blood,high,pressure,condition"
chest pain,Cardiologist,High,"symptom,health,chest,pain,problem"
skin infection,Dermatologist,Low,"health,skin,issue,problem,infection"
diabetes symptoms,Endocrinologist,Medium,"symptoms,diabetes,issue,condition,problem"
diabetes symptoms,Endocrinologist,Medium,"symptom,health,symptoms,diabetes,condition"
chest pain,Cardiologist,High,"symptom,condition,chest,pain,problem"
skin allergy,Dermatologist,Medium,"health,skin,allergy,condition,problem"
breathing difficulty,Pulmonologist,Critical,"symptom,health,breathing,issue,difficulty"
eye infection,Ophthalmologist,Low,"symptom,eye,condition,problem,infection"
pregnancy complications,Gynecologist,High,"symptom,complications,pregnancy,pain,problem"
asthma attack,Pulmonologist,High,"attack,health,asthma,issue,pain"
migraine,Neurologist,Medium,"health,symptom,problem,migraine"
cardiac arrest,Cardiologist,Critical,"symptom,cardiac,arrest,health,pain"
fracture,Orthopedic,High,"symptom,fracture,problem,condition"
eye infection,Ophthalmologist,Low,"symptom,health,eye,issue,infection"
skin infection,Dermatologist,Low,"symptom,health,skin,issue,infection"
fever,General Physician,Low,"health,issue,condition,fever"
diabetes symptoms,Endocrinologist,Medium,"health,symptoms,diabetes,issue,problem"
cardiac arrest,Cardiologist,Critical,"symptom,cardiac,arrest,condition,problem"
fracture,Orthopedic,High,"symptom,fracture,problem,pain"
stroke symptoms,Neurologist,Critical,"stroke,symptoms,issue,pain,problem"
kidney pain,Nephrologist,High,"kidney,symptom,condition,issue,pain"
depression,Psychiatrist,Medium,"symptom,pain,depression,problem"
ear pain,ENT Specialist,Low,"issue,pain,problem,ear"
skin infection,Dermatologist,Low,"symptom,health,skin,pain,infection"
tooth pain,Dentist,Low,"condition,tooth,issue,pain,problem"
joint pain,Orthopedic,Medium,"symptom,condition,joint,health,pain"
breathing difficulty,Pulmonologist,Critical,"symptom,health,breathing,problem,difficulty"
depression,Psychiatrist,Medium,"symptom,pain,depression,problem"
breathing difficulty,Pulmonologist,Critical,"symptom,health,breathing,condition,difficulty"
asthma attack,Pulmonologist,High,"symptom,attack,asthma,issue,problem"
cardiac arrest,Cardiologist,Critical,"cardiac,arrest,health,pain,problem"
high blood pressure,Cardiologist,Medium,"symptom,health,blood,high,pressure,pain"
chest pain,Cardiologist,High,"chest,issue,symptom,pain"
eye infection,Ophthalmologist,Low,"condition,eye,pain,problem,infection"
diabetes symptoms,Endocrinologist,Medium,"symptom,health,symptoms,diabetes,pain"
high blood pressure,Cardiologist,Medium,"condition,blood,high,pressure,pain,problem"
tooth pain,Dentist,Low,"symptom,pain,problem,tooth"
diabetes symptoms,Endocrinologist,Medium,"health,symptoms,diabetes,issue,problem"
tooth pain,Dentist,Low,"symptom,tooth,issue,pain,problem"
asthma attack,Pulmonologist,High,"symptom,attack,asthma,issue,condition"
kidney pain,Nephrologist,High,"kidney,symptom,health,pain,problem"
fever,General Physician,Low,"health,issue,problem,fever"
tooth pain,Dentist,Low,"symptom,condition,health,tooth,pain"
cardiac arrest,Cardiologist,Critical,"condition,cardiac,arrest,issue,pain"
joint pain,Orthopedic,Medium,"symptom,joint,health,pain,problem"
high blood pressure,Cardiologist,Medium,"health,blood,high,pressure,issue,problem"
stroke symptoms,Neurologist,Critical,"health,stroke,symptoms,issue,problem"
depression,Psychiatrist,Medium,"issue,condition,depression,problem"
thyroid issue,Endocrinologist,Medium,"symptom,condition,thyroid,issue,pain"
joint pain,Orthopedic,Medium,"symptom,joint,issue,pain,problem"
skin infection,Dermatologist,Low,"symptom,skin,condition,problem,infection"
high blood pressure,Cardiologist,Medium,"pain,health,blood,high,pressure,condition"
skin infection,Dermatologist,Low,"symptom,skin,issue,condition,infection"
skin infection,Dermatologist,Low,"symptom,health,skin,problem,infection"
asthma attack,Pulmonologist,High,"symptom,attack,health,asthma,issue"
joint pain,Orthopedic,Medium,"symptom,joint,health,pain,problem"
eye infection,Ophthalmologist,Low,"symptom,health,eye,pain,infection"
asthma attack,Pulmonologist,High,"condition,attack,asthma,issue,pain"
skin allergy,Dermatologist,Medium,"health,skin,allergy,pain,problem"
migraine,Neurologist,Medium,"symptom,issue,problem,migraine"
kidney pain,Nephrologist,High,"kidney,symptom,pain,health"
joint pain,Orthopedic,Medium,"symptom,condition,joint,pain,problem"
pregnancy complications,Gynecologist,High,"health,complications,pregnancy,condition,problem"
skin allergy,Dermatologist,Medium,"condition,health,skin,allergy,pain"
fracture,Orthopedic,High,"health,symptom,fracture,issue"
ear pain,ENT Specialist,Low,"pain,problem,ear,condition"
high blood pressure,Cardiologist,Medium,"symptom,health,blood,high,pressure,problem"
skin allergy,Dermatologist,Medium,"health,skin,allergy,condition,problem"
skin allergy,Dermatologist,Medium,"symptom,skin,allergy,issue,condition"
migraine,Neurologist,Medium,"symptom,condition,problem,migraine"
chest pain,Cardiologist,High,"chest,pain,problem,condition"
tooth pain,Dentist,Low,"symptom,condition,tooth,pain,problem"
fracture,Orthopedic,High,"health,symptom,fracture,pain"
thyroid issue,Endocrinologist,Medium,"pain,health,thyroid,issue,condition"
fracture,Orthopedic,High,"health,fracture,problem,condition"
tooth pain,Dentist,Low,"health,pain,tooth,condition"
kidney pain,Nephrologist,High,"kidney,condition,health,issue,pain"
asthma attack,Pulmonologist,High,"attack,health,asthma,issue,problem"
skin allergy,Dermatologist,Medium,"symptom,skin,allergy,pain,problem"
chest pain,Cardiologist,High,"symptom,condition,health,chest,pain"
skin infection,Dermatologist,Low,"symptom,health,skin,pain,infection"
depression,Psychiatrist,Medium,"issue,condition,depression,problem"
pregnancy complications,Gynecologist,High,"complications,pregnancy,issue,condition,problem"
thyroid issue,Endocrinologist,Medium,"issue,pain,problem,thyroid"
asthma attack,Pulmonologist,High,"symptom,attack,health,asthma,issue"
joint pain,Orthopedic,Medium,"symptom,joint,health,pain,problem"
stroke symptoms,Neurologist,Critical,"symptom,condition,stroke,symptoms,pain"
high blood pressure,Cardiologist,Medium,"health,blood,high,pressure,issue,pain"
skin allergy,Dermatologist,Medium,"symptom,skin,allergy,pain,problem"
eye infection,Ophthalmologist,Low,"pain,eye,condition,problem,infection"
thyroid issue,Endocrinologist,Medium,"health,issue,condition,thyroid"
stroke symptoms,Neurologist,Critical,"pain,stroke,symptoms,issue,condition"
pregnancy complications,Gynecologist,High,"symptom,health,complications,pregnancy,pain"
depression,Psychiatrist,Medium,"issue,pain,depression,problem"
migraine,Neurologist,Medium,"health,symptom,problem,migraine"
skin allergy,Dermatologist,Medium,"symptom,skin,allergy,condition,problem"
pregnancy complications,Gynecologist,High,"symptom,health,complications,pregnancy,issue"
eye infection,Ophthalmologist,Low,"symptom,eye,issue,condition,infection"
fever,General Physician,Low,"symptom,issue,fever,condition"
high blood pressure,Cardiologist,Medium,"symptom,blood,high,pressure,issue,problem"
diabetes symptoms,Endocrinologist,Medium,"symptoms,diabetes,issue,pain,problem"
diabetes symptoms,Endocrinologist,Medium,"health,symptoms,diabetes,condition,problem"
diabetes symptoms,Endocrinologist,Medium,"symptom,health,symptoms,diabetes,problem"
diabetes symptoms,Endocrinologist,Medium,"health,symptoms,diabetes,issue,problem"
breathing difficulty,Pulmonologist,Critical,"symptom,breathing,issue,condition,difficulty"
joint pain,Orthopedic,Medium,"symptom,joint,health,issue,pain"
pregnancy complications,Gynecologist,High,"symptom,complications,pregnancy,issue,pain"
ear pain,ENT Specialist,Low,"symptom,pain,problem,ear"
kidney pain,Nephrologist,High,"kidney,condition,health,pain,problem"
pregnancy complications,Gynecologist,High,"symptom,health,complications,pregnancy,issue"
high blood pressure,Cardiologist,Medium,"health,blood,high,pressure,issue,condition"
fever,General Physician,Low,"health,pain,problem,fever"
diabetes symptoms,Endocrinologist,Medium,"symptom,symptoms,diabetes,pain,problem"
ear pain,ENT Specialist,Low,"condition,health,issue,pain,ear"
asthma attack,Pulmonologist,High,"attack,asthma,issue,pain,problem"
joint pain,Orthopedic,Medium,"problem,pain,joint,condition"
high blood pressure,Cardiologist,Medium,"symptom,health,blood,high,pressure,condition"
skin allergy,Dermatologist,Medium,"condition,health,skin,allergy,pain"
depression,Psychiatrist,Medium,"health,symptom,issue,depression"
cardiac arrest,Cardiologist,Critical,"cardiac,pain,arrest,health,condition"
fever,General Physician,Low,"health,issue,pain,fever"
high blood pressure,Cardiologist,Medium,"symptom,blood,high,pressure,issue,problem"
fever,General Physician,Low,"health,condition,problem,fever"
joint pain,Orthopedic,Medium,"problem,pain,joint,condition"
joint pain,Orthopedic,Medium,"problem,pain,joint,condition"
breathing difficulty,Pulmonologist,Critical,"symptom,breathing,pain,problem,difficulty"
skin infection,Dermatologist,Low,"pain,health,skin,condition,infection"
eye infection,Ophthalmologist,Low,"symptom,eye,issue,problem,infection"
cardiac arrest,Cardiologist,Critical,"symptom,condition,cardiac,arrest,pain"
depression,Psychiatrist,Medium,"problem,symptom,depression,condition"
stroke symptoms,Neurologist,Critical,"health,stroke,symptoms,pain,problem"
eye infection,Ophthalmologist,Low,"symptom,condition,eye,pain,infection"
ear pain,ENT Specialist,Low,"symptom,condition,health,pain,ear"
pregnancy complications,Gynecologist,High,"symptom,complications,pregnancy,condition,problem"
depression,Psychiatrist,Medium,"issue,problem,symptom,depression"
fever,General Physician,Low,"health,symptom,issue,fever"
breathing difficulty,Pulmonologist,Critical,"pain,breathing,condition,problem,difficulty"
eye infection,Ophthalmologist,Low,"health,eye,condition,problem,infection"
stroke symptoms,Neurologist,Critical,"health,stroke,symptoms,issue,condition"
thyroid issue,Endocrinologist,Medium,"symptom,pain,thyroid,issue,condition"
chest pain,Cardiologist,High,"chest,health,issue,pain"
kidney pain,Nephrologist,High,"symptom,kidney,health,pain"
stroke symptoms,Neurologist,Critical,"symptom,stroke,symptoms,issue,pain"
eye infection,Ophthalmologist,Low,"symptom,eye,issue,pain,infection"
eye infection,Ophthalmologist,Low,"health,eye,issue,pain,infection"
high blood pressure,Cardiologist,Medium,"symptom,blood,high,pressure,condition,problem"
cardiac arrest,Cardiologist,Critical,"symptom,cardiac,arrest,health,problem"
breathing difficulty,Pulmonologist,Critical,"pain,breathing,issue,condition,difficulty"
fever,General Physician,Low,"symptom,issue,fever,condition"
fracture,Orthopedic,High,"issue,fracture,problem,condition"
cardiac arrest,Cardiologist,Critical,"symptom,cardiac,arrest,pain,problem"
stroke symptoms,Neurologist,Critical,"symptom,pain,stroke,symptoms,condition"
fever,General Physician,Low,"health,condition,problem,fever"
diabetes symptoms,Endocrinologist,Medium,"pain,symptoms,diabetes,condition,problem"
diabetes symptoms,Endocrinologist,Medium,"symptoms,diabetes,issue,condition,problem"
joint pain,Orthopedic,Medium,"symptom,condition,joint,issue,pain"
stroke symptoms,Neurologist,Critical,"symptom,health,stroke,symptoms,problem"
migraine,Neurologist,Medium,"issue,pain,problem,migraine"
migraine,Neurologist,Medium,"health,issue,pain,migraine"
skin allergy,Dermatologist,Medium,"pain,health,skin,allergy,condition"
cardiac arrest,Cardiologist,Critical,"symptom,cardiac,arrest,condition,problem"
stroke symptoms,Neurologist,Critical,"condition,stroke,symptoms,pain,problem"
joint pain,Orthopedic,Medium,"symptom,condition,joint,issue,pain"
skin infection,Dermatologist,Low,"health,skin,issue,pain,infection"
thyroid issue,Endocrinologist,Medium,"issue,symptom,problem,thyroid"
skin infection,Dermatologist,Low,"symptom,skin,condition,problem,infection"
fever,General Physician,Low,"health,pain,fever,condition"
chest pain,Cardiologist,High,"chest,issue,pain,problem"
thyroid issue,Endocrinologist,Medium,"symptom,issue,condition,thyroid"
chest pain,Cardiologist,High,"chest,pain,problem,condition"
high blood pressure,Cardiologist,Medium,"symptom,blood,high,pressure,issue,problem"
high blood pressure,Cardiologist,Medium,"blood,high,pressure,issue,pain,problem"
depression,Psychiatrist,Medium,"problem,condition,depression,pain"
depression,Psychiatrist,Medium,"health,symptom,issue,depression"
cardiac arrest,Cardiologist,Critical,"symptom,cardiac,arrest,health,problem"
depression,Psychiatrist,Medium,"health,issue,pain,depression"
pregnancy complications,Gynecologist,High,"health,complications,pregnancy,condition,problem"
breathing difficulty,Pulmonologist,Critical,"health,breathing,issue,problem,difficulty"
fever,General Physician,Low,"issue,pain,problem,fever"
migraine,Neurologist,Medium,"symptom,condition,problem,migraine"
pregnancy complications,Gynecologist,High,"health,complications,pregnancy,condition,problem"
joint pain,Orthopedic,Medium,"symptom,condition,joint,pain,problem"
tooth pain,Dentist,Low,"health,symptom,pain,tooth"
diabetes symptoms,Endocrinologist,Medium,"symptom,symptoms,diabetes,issue,pain"
ear pain,ENT Specialist,Low,"symptom,issue,pain,ear"
diabetes symptoms,Endocrinologist,Medium,"health,symptoms,diabetes,pain,problem"
migraine,Neurologist,Medium,"symptom,pain,condition,migraine"
stroke symptoms,Neurologist,Critical,"condition,stroke,symptoms,pain,problem"
tooth pain,Dentist,Low,"condition,tooth,issue,pain,problem"
fracture,Orthopedic,High,"issue,symptom,fracture,problem"
fever,General Physician,Low,"symptom,pain,fever,condition"
fracture,Orthopedic,High,"issue,symptom,fracture,health"
migraine,Neurologist,Medium,"health,issue,pain,migraine"
tooth pain,Dentist,Low,"condition,health,tooth,issue,pain"
joint pain,Orthopedic,Medium,"symptom,joint,health,pain,problem"
cardiac arrest,Cardiologist,Critical,"cardiac,arrest,health,pain,problem"
ear pain,ENT Specialist,Low,"issue,pain,problem,ear"
tooth pain,Dentist,Low,"condition,tooth,issue,pain,problem"
joint pain,Orthopedic,Medium,"symptom,pain,joint,problem"
pregnancy complications,Gynecologist,High,"symptom,health,complications,pregnancy,issue"
depression,Psychiatrist,Medium,"symptom,pain,depression,problem"
breathing difficulty,Pulmonologist,Critical,"health,breathing,issue,pain,difficulty"
chest pain,Cardiologist,High,"condition,health,chest,issue,pain"
tooth pain,Dentist,Low,"health,tooth,issue,pain,problem"
fracture,Orthopedic,High,"health,symptom,fracture,condition"
joint pain,Orthopedic,Medium,"joint,health,issue,pain,problem"
fracture,Orthopedic,High,"issue,fracture,problem,condition"
breathing difficulty,Pulmonologist,Critical,"health,breathing,issue,condition,difficulty"
chest pain,Cardiologist,High,"condition,health,chest,pain,problem"
fever,General Physician,Low,"symptom,pain,problem,fever"
tooth pain,Dentist,Low,"issue,pain,problem,tooth"
breathing difficulty,Pulmonologist,Critical,"health,breathing,issue,pain,difficulty"
kidney pain,Nephrologist,High,"kidney,symptom,pain,health"
diabetes symptoms,Endocrinologist,Medium,"health,symptoms,diabetes,issue,pain"
skin allergy,Dermatologist,Medium,"symptom,pain,skin,allergy,condition"
diabetes symptoms,Endocrinologist,Medium,"health,symptoms,diabetes,condition,problem"
fever,General Physician,Low,"health,symptom,problem,fever"
thyroid issue,Endocrinologist,Medium,"pain,thyroid,issue,condition,problem"
cardiac arrest,Cardiologist,Critical,"condition,cardiac,arrest,pain,problem"
cardiac arrest,Cardiologist,Critical,"symptom,cardiac,arrest,issue,pain"
diabetes symptoms,Endocrinologist,Medium,"symptoms,diabetes,issue,pain,problem"
asthma attack,Pulmonologist,High,"attack,health,asthma,pain,problem"
chest pain,Cardiologist,High,"chest,symptom,pain,condition"
stroke symptoms,Neurologist,Critical,"symptom,health,stroke,symptoms,issue"
tooth pain,Dentist,Low,"health,pain,problem,tooth"
high blood pressure,Cardiologist,Medium,"symptom,blood,high,pressure,issue,condition"
thyroid issue,Endocrinologist,Medium,"health,thyroid,issue,condition,problem"
migraine,Neurologist,Medium,"pain,condition,problem,migraine"
stroke symptoms,Neurologist,Critical,"health,stroke,symptoms,issue,condition"
kidney pain,Nephrologist,High,"symptom,kidney,issue,pain"
joint pain,Orthopedic,Medium,"symptom,condition,joint,issue,pain"
high blood pressure,Cardiologist,Medium,"health,blood,high,pressure,pain,problem"
pregnancy complications,Gynecologist,High,"symptom,complications,pregnancy,issue,pain"
chest pain,Cardiologist,High,"chest,health,pain,condition"
chest pain,Cardiologist,High,"health,chest,issue,pain,problem"
joint pain,Orthopedic,Medium,"health,symptom,pain,joint"
depression,Psychiatrist,Medium,"problem,issue,depression,condition"
asthma attack,Pulmonologist,High,"symptom,attack,asthma,issue,problem"
tooth pain,Dentist,Low,"health,tooth,issue,pain,problem"
cardiac arrest,Cardiologist,Critical,"symptom,condition,cardiac,arrest,pain"
skin infection,Dermatologist,Low,"symptom,health,skin,issue,infection"
high blood pressure,Cardiologist,Medium,"symptom,blood,high,pressure,pain,problem"
tooth pain,Dentist,Low,"symptom,condition,tooth,issue,pain"
depression,Psychiatrist,Medium,"symptom,issue,condition,depression"
breathing difficulty,Pulmonologist,Critical,"condition,health,breathing,pain,difficulty"
pregnancy complications,Gynecologist,High,"health,complications,pregnancy,issue,problem"
cardiac arrest,Cardiologist,Critical,"symptom,cardiac,arrest,health,condition"
depression,Psychiatrist,Medium,"problem,symptom,depression,condition"
fever,General Physician,Low,"health,condition,problem,fever"
skin allergy,Dermatologist,Medium,"pain,health,skin,allergy,condition"
asthma attack,Pulmonologist,High,"condition,attack,health,asthma,pain"
stroke symptoms,Neurologist,Critical,"symptom,stroke,symptoms,issue,problem"
cardiac arrest,Cardiologist,Critical,"symptom,cardiac,arrest,health,condition"
joint pain,Orthopedic,Medium,"symptom,joint,issue,pain,problem"
asthma attack,Pulmonologist,High,"condition,attack,asthma,pain,problem"
chest pain,Cardiologist,High,"chest,issue,pain,problem"
stroke symptoms,Neurologist,Critical,"health,stroke,symptoms,pain,problem"
eye infection,Ophthalmologist,Low,"symptom,pain,eye,condition,infection"
stroke symptoms,Neurologist,Critical,"health,stroke,symptoms,condition,problem"
high blood pressure,Cardiologist,Medium,"health,blood,high,pressure,issue,problem"
migraine,Neurologist,Medium,"symptom,pain,condition,migraine"
eye infection,Ophthalmologist,Low,"health,eye,condition,problem,infection"
thyroid issue,Endocrinologist,Medium,"health,issue,symptom,thyroid"
stroke symptoms,Neurologist,Critical,"symptom,health,stroke,symptoms,condition"
diabetes symptoms,Endocrinologist,Medium,"symptom,symptoms,diabetes,pain,problem"
joint pain,Orthopedic,Medium,"health,issue,pain,joint"
diabetes symptoms,Endocrinologist,Medium,"symptom,health,symptoms,diabetes,condition"
skin infection,Dermatologist,Low,"symptom,skin,issue,problem,infection"
fracture,Orthopedic,High,"symptom,issue,fracture,problem"
migraine,Neurologist,Medium,"health,symptom,problem,migraine"
pregnancy complications,Gynecologist,High,"symptom,complications,pregnancy,issue,condition"
ear pain,ENT Specialist,Low,"issue,pain,ear,condition"
cardiac arrest,Cardiologist,Critical,"cardiac,arrest,health,issue,condition"
fracture,Orthopedic,High,"issue,fracture,problem,condition"
diabetes symptoms,Endocrinologist,Medium,"symptoms,diabetes,issue,condition,problem"
eye infection,Ophthalmologist,Low,"condition,health,eye,pain,infection"
